Deciles,prob
9,0.6773756125137407
8,0.49166714995236904
7,0.320770604504099
6,0.25499597701448823
5,0.16800495504111898
4,0.11724263240749548
3,0.06639926687132104
2,0.04059237517934272
1,0.017484683013446183
0,0.0008424244351056883
